{
    "mean_iou": 0.02294236112941693,
    "mean_accuracy": 0.0786273911938121,
    "overall_accuracy": 0.15993716458570706,
    "metrics_dice": 0.1509992927312851
}