{
    "mean_iou": 0.1393452992282758,
    "mean_accuracy": 0.25592671786416205,
    "overall_accuracy": 0.5089223975766878,
    "metrics_dice": 0.48896554112434387
}