{
    "mean_iou": 0.022637283324886553,
    "mean_accuracy": 0.08375961930985877,
    "overall_accuracy": 0.1617648581279613,
    "metrics_dice": 0.15248890221118927
}