{
    "mean_iou": 0.41006483796434673,
    "mean_accuracy": 0.5444512143253953,
    "overall_accuracy": 0.7772612223859143,
    "metrics_dice": 0.7473201155662537
}