{
    "mean_iou": 0.03819738547377278,
    "mean_accuracy": 0.04653962841508155,
    "overall_accuracy": 0.8326190669492333,
    "metrics_dice": 0.7950945496559143
}