{
    "mean_iou": 0.020897207994607373,
    "mean_accuracy": 0.07874157440722768,
    "overall_accuracy": 0.15486921426559744,
    "metrics_dice": 0.14727920293807983
}