{
    "mean_iou": 0.17159357310208934,
    "mean_accuracy": 0.37452806976278263,
    "overall_accuracy": 0.4374181125048696,
    "metrics_dice": 0.41930830478668213
}